Date,DailyCases,TotalCases,DailyDeath,TotalDeath,DailyRecovery,TotalRecovery,ActiveCases,DailyTests,TotalTests,Vaccines_1
31-08-2020,     69,     356,    4,      4,      0,      72,         280,        670,  
01-09-2020,     44,     400,    1,      5,      4,      76,         319,        1078,       1748    +   4610,
02-09-2020,     84,     483,    0,      5,      0,      76,         402,        1281,       3029    +   4610,
03-09-2020,     98,     581,    0,      5,      0,      76,         500,        1421,       4450    +   4610,
04-09-2020,     116,    697,    0,      5,      13,     89,         603,        1578,       6028    +   4610, 
05-09-2020,     110,    807,    0,      5,      0,      89,         713,        1562,       7590    +   4610 
06-09-2020,     162,    969,    2,      7,      0,      89,         873,        1266,       8856    +   4610 
07-09-2020,     182,    1151,   1,      8,      0,      89,         1054,       1857,       10713   +   4610
08-09-2020,     118,    1269,   1,      9,      0,      89,         1171,       1464,       12177   +   4610 
09-09-2020,     87,     1356,   0,      9,      25,     114,        1233,       1587,       13764   +   4610 
10-09-2020,     195,    1551,   1,      10,     0,      114,        1427,       1906,       15670   +   4610
11-09-2020,     80,     1631,   1,      11,     0,      114,        1506,       1813,       17483   +   4610 
12-09-2020,     88,     1719,   2,      13,     42,     156,        1550,       1707,       19190   +   4610 
13-09-2020,     100,    1819,   2,      15,     60,     216,        1588,       1417,       20607   +   4610 
14-09-2020,     108,    1927,   0,      15,     27,     243,        1669,       1582,       22189   +   4610
15-09-2020,     79,     2006,   0,      15,     60,     303,        1688,       1590,       23779   +   4610 
16-09-2020,     94,     2100,   1,      16,     53,     356,        1728,       1653,       25432   +   4610 
17-09-2020,     76,     2176,   0,      16,     64,     420,        1740,       1372,       26804   +   4610 
18-09-2020,     47,     2223,   1,      17,     48,     468,        1738,       1443,       28247   +   4610 
19-09-2020,     90,     2313,   0,      17,     18,     486,        1810,       1281,       29528   +   4610 
20-09-2020,     45,     2358,   0,      17,     30,     516,        1825,       2122,       31650   +   4610 
21-09-2020,     42,     2400,   0,      17,     37,     553,        1830,       1952,       33602   +   4610 
22-09-2020,     45,     2445,   0,      17,     95,     648,        1780,       1948,       33602   +   1948    +   4610 
23-09-2020,     73,     2518,   0,      17,     90,     738,        1763,       2099,       2099    +   33602   +   1948    +   4610 
24-09-2020,     95,     2613,   0,      17,     112,    850,        1746,       2035,       2035    +   2099    +   33602   +   1948    +   4610 
25-09-2020,     45,     2658,   0,      17,     90,     940,        1701,       682,        682     +   2035    +   2099    +   33602   +   1948    +   4610 
26-09-2020,     67,     2725,   2,      19,     120,    1060,       1646,       2073,       2073    +   682     +   2035    +   2099    +   33602   +   1948    +   4610 
27-09-2020,     66,     2791,   2,      21,     115,    1175,       1595,       2243,       2243    +   2073    +   682     +   2035    +   2099    +   33602   +   1948    +   4610 
28-09-2020,     35,     2826,   0,      21,     145,    1320,       1485,       1810,       1810    +   2243 + 2073 + 682 + 2035 + 2099 + 33602 + 1948 + 4610 
29-09-2020,     85,     2911,   0,      21,     150,    1470,       1420,       2028,       2028    +   1810 + 2243 + 2073 + 682 + 2035 + 2099 + 33602 + 1948 + 4610 
30-09-2020,     37,     2948,   0,      21,     125,    1595,       1332,       1457,       1457    +   53130 
01-10-2020,     127,    3075,   1,      22,     60,     1655,       1398,       2057,       2057    +   1457 + 53130 
02-10-2020,     109,    3184,   0,      22,     110,    1756,       1397,       1905,       1905    +   2057 + 1457 + 53130 
03-10-2020,     114,    3298,   0,      22,     95,     1860,       1416,       1784,       1784    +   1905 + 2057 + 1457 + 53130 
04-10-2020,     56,     3354,   0,      22,     76,     1936,       1396,       2030,       2030    +   1784 + 1905 + 2057 + 1457 + 53130 
05-10-2020,     73,     3427,   1,      23,     65,     2001,       1403,       1877,       1877    +   2030 + 1784 + 1905 + 2057 + 1457 + 53130 
06-10-2020,     146,    3573,   0,      23,     70,     2071,       1479,       2068,       2068    +   1877 + 2030 + 1784 + 1905 + 2057 + 1457 + 53130 
07-10-2020,     127,    3700,   0,      23,     60,     2131,       1546,       2327,       2327    +   2068 + 1877 + 2030 + 1784 + 1905 + 2057 + 1457 + 53130 
08-10-2020,     51,     3751,   1,      24,     53,     2184,       1543,       1586,       1586    +   2327 + 2068 + 1877 + 2030 + 1784 + 1905 + 2057 + 1457 + 53130 
09-10-2020,     88,     3839,   0,      24,     74,     2258,       1557,       1743,       1743    +   1586 + 2327 + 2068 + 1877 + 2030 + 1784 + 1905 + 2057 + 1457 + 53130 
10-10-2020,     58,     3897,   0,      24,     45,     2303,       1570,       1661,       1661    +   1743 + 1586 + 2327 + 2068 + 1877 + 2030 + 1784 + 1905 + 2057 + 1457 + 53130 
11-10-2020,     87,     3984,   0,      24,     47,     2350,       1610,       903,        903 + 73625 
12-10-2020,     118,    4102,   2,      26,     40,     2390,       1686,       1525,       1525 + 903 + 73625 
13-10-2020,     73,     4175,   0,      26,     37,     2427,       1722,       1547,       1547 + 1525 + 903 + 73625 
14-10-2020,     110,    4285,   0,      26,     95,     2522,       1737,       1695,       1695 + 1547 + 1525 + 903 + 73625 
15-10-2020,     81,     4366,   0,      26,     80,     2602,       1738,       1866,       1866 + 1695 + 1547 + 1525 + 903 + 73625 
16-10-2020,     74,     4440,   0,      26,     50,     2652,       1762,       1853,       1853 + 1866 + 1695 + 1547 + 1525 + 903 + 73625 
17-10-2020,     86,     4526,   0,      26,     85,     2737,       1763,       1836,       1836 + 1853 + 1866 + 1695 + 1547 + 1525 + 903 + 73625 
18-10-2020,     119,    4645,   1,      27,     63,     2800,       1818,       1787,       1787 + 84850 
19-10-2020,     77,     4722,   1,      28,     35,     2835,       1859,       1691,       1691 + 1787 + 84850 
20-10-2020,     99,     4821,   0,      28,     65,     2900,       1893,       1723,       1723 + 1691 + 1787 + 84850 
21-10-2020,     134,    4955,   0,      28,     93,     2993,       1934,       1774,       1774 + 1723 + 1691 + 1787 + 84850 
22-10-2020,     124,    5079,   1,      29,     127,    3120,       1930,       1881,       1881 + 1774 + 1723 + 1691 + 1787 + 84850 
23-10-2020,     96,     5175,   1,      30,     88,     3208,       1937,       1935,       1935 + 1881 + 1774 + 1723 + 1691 + 1787 + 84850 
24-10-2020,     156,    5331,   1,      31,     77,     3285,       2015,       2187,       2187 + 1935 + 1881 + 1774 + 1723 + 1691 + 1787 + 84850 
25-10-2020,     111,    5442,   0,      31,     113,    3398,       2013,       2083,       2083 + 2187 + 1935 + 1881 + 1774 + 1723 + 1691 + 1787 + 84850 
26-10-2020,     152,    5594,   0,      31,     85,     3483,       2080,       2024,       2024 + 2083 + 2187 + 1935 + 1881 + 1774 + 1723 + 1691 + 1787 + 84850 
27-10-2020,     199,    5793,   0,      31,     100,    3583,       2179,       2077,       2077 + 2024 + 2083 + 2187 + 1935 + 1881 + 1774 + 1723 + 1691 + 1787 + 84850 
28-10-2020,     100,    5893,   0,      31,     74,     3657,       2205,       1616,       1616 + 104012 
29-10-2020,     276,    6169,   1,      32,     145,    3802,       2335,       2115,       2115 + 1616 + 104012 
30-10-2020,     178,    6347,   1,      33,     135,    3937,       2377,       2293,       2293 + 2115 + 1616 + 104012 
31-10-2020,     198,    6545,   1,      34,     187,    4124,       2387,       2748,       2748 + 2293 + 2115 + 1616 + 104012 
01-11-2020,     185,    6730,   0,      34,     189,    4313,       2383,       2159,       2159 + 2748 + 2293 + 2115 + 1616 + 104012 
02-11-2020,     272,    7002,   0,      34,     106,    4419,       2549,       2415,       2415 + 2159 + 2748 + 2293 + 2115 + 1616 + 104012 
03-11-2020,     229,    7231,   3,      37,     128,    4547,       2647,       3378,       3378 + 2415 + 2159 + 2748 + 2293 + 2115 + 1616 + 104012 
04-11-2020,     281,    7512,   0,      37,     130,    4677,       2798,       3521,       3521 + 3378 + 2415 + 2159 + 2748 + 2293 + 2115 + 1616 + 104012 
05-11-2020,     248,    7760,   0,      37,     198,    4875,       2848,       3392,       3392 + 3521 + 3378 + 2415 + 2159 + 2748 + 2293 + 2115 + 1616 + 104012 
06-11-2020,     259,    8019,   0,      37,     199,    5074,       2908,       2562,       2562 + 3392 + 3521 + 3378 + 2415 + 2159 + 2748 + 2293 + 2115 + 1616 + 104012 
07-11-2020,     250,    8269,   0,      37,     203,    5277,       2955,       1983,       1983 + 2562 + 3392 + 3521 + 3378 + 2415 + 2159 + 2748 + 2293 + 2115 + 1616 + 104012 
08-11-2020,     201,    8470,   1,      38,     200,    5477,       2955,       2534,       2534 + 1983 + 2562 + 3392 + 3521 + 3378 + 2415 + 2159 + 2748 + 2293 + 2115 + 1616 + 104012 
09-11-2020,     270,    8740,   1,      39,     210,    5687,       3014,       2371,       2371 + 2534 + 1983 + 2562 + 3392 + 3521 + 3378 + 2415 + 2159 + 2748 + 2293 + 2115 + 1616 + 104012 
10-11-2020,     191,    8931,   3,      42,     189,    5876,       3013,       2091,       2091 + 2371 + 2534 + 1983 + 2562 + 3392 + 3521 + 3378 + 2415 + 2159 + 2748 + 2293 + 2115 + 1616 + 104012 
11-11-2020,     300,    9231,   1,      43,     260,    6136,       3052,       2513,       2513 + 2091 + 2371 + 2534 + 1983 + 2562 + 3392 + 3521 + 3378 + 2415 + 2159 + 2748 + 2293 + 2115 + 1616 + 104012 
12-11-2020,     311,    9542,   1,      44,     282,    6418,       3080,       2637,       2637 + 2513 + 2091 + 2371 + 2534 + 1983 + 2562 + 3392 + 3521 + 3378 + 2415 + 2159 + 2748 + 2293 + 2115 + 1616 + 104012 
13-11-2020,     274,    9816,   1,      45,     255,    6673,       3098,       2282,       2282 + 2637 + 2513 + 2091 + 2371 + 2534 + 1983 + 2562 + 3392 + 3521 + 3378 + 2415 + 2159 + 2748 + 2293 + 2115 + 1616 + 104012 
14-11-2020,     310,    10126,  1,      46,     295,    6968,       3112,       2661,       2661 + 2282 + 2637 + 2513 + 2091 + 2371 + 2534 + 1983 + 2562 + 3392 + 3521 + 3378 + 2415 + 2159 + 2748 + 2293 + 2115 + 1616 + 104012 
15-11-2020,     406,    10532,  2,      48,     293,    7261,       3223,       2380,       2380 + 2661 + 2282 + 2637 + 2513 + 2091 + 2371 + 2534 + 1983 + 2562 + 3392 + 3521 + 3378 + 2415 + 2159 + 2748 + 2293 + 2115 + 1616 + 104012 
16-11-2020,     453,    10985,  0,      48,     310,    7571,       3366,       2438,       2438 + 2380 + 2661 + 2282 + 2637 + 2513 + 2091 + 2371 + 2534 + 1983 + 2562 + 3392 + 3521 + 3378 + 2415 + 2159 + 2748 + 2293 + 2115 + 1616 + 104012 
17-11-2020,     486,    11471,  2,      50,     305,    7876,       3545,       2412,       2412 + 154101 
18-11-2020,     600,    12071,  4,      54,     335,    8211,       3806,       2723,       2723 + 2412 + 154101 
19-11-2020,     345,    12439,  2,      56,     345,    8556,       3827,       2289,       2289 + 2723 + 2412 + 154101 
20-11-2020,     754,    13193,  2,      58,     205,    8761,       4374,       3142,       3142 + 2289 + 2723 + 2412 + 154101 
21-11-2020,     891,    14084,  4,      62,     225,    8986,       5036,       3037,       3037 + 3142 + 2289 + 2723 + 2412 + 154101 
22-11-2020,     684,    14768,  3,      65,     200,    9186,       5517,       2849,       2849 + 3037 + 3142 + 2289 + 2723 + 2412 + 154101 
23-11-2020,     689,    15457,  4,      69,     198,    9384,       6004,       2578,       2578 + 2849 + 3037 + 3142 + 2289 + 2723 + 2412 + 154101 
24-11-2020,     685,    16142,  3,      72,     187,    9571,       6499,       2756,       2756 + 2578 + 2849 + 3037 + 3142 + 2289 + 2723 + 2412 + 154101 
25-11-2020,     613,    16755,  6,      78,     203,    9774,       6903,       2092,       2092 + 2756 + 2578 + 2849 + 3037 + 3142 + 2289 + 2723 + 2412 + 154101 
26-11-2020,     656,    17411,  6,      84,     210,    9984,       7343,       2766,       2766 + 2092 + 2756 + 2578 + 2849 + 3037 + 3142 + 2289 + 2723 + 2412 + 154101 
27-11-2020,     922,    18333,  2,      86,     270,    10254,      7993,       2863,       2863 + 2766 + 2092 + 2756 + 2578 + 2849 + 3037 + 3142 + 2289 + 2723 + 2412 + 154101 
28-11-2020,     827,    19160,  4,      90,     280,    10534,      8536,       2926,       2926 + 2863 + 2766 + 2092 + 2756 + 2578 + 2849 + 3037 + 3142 + 2289 + 2723 + 2412 + 154101 
29-11-2020,     738,    19898,  7,      97,     334,    10868,      8933,       2589,       2589 + 2926 + 2863 + 2766 + 2092 + 2756 + 2578 + 2849 + 3037 + 3142 + 2289 + 2723 + 2412 + 154101 
30-11-2020,     748,    20646,  5,      102,    450,    11318,      9226,       2484,       2484 + 2589 + 2926 + 2863 + 2766 + 2092 + 2756 + 2578 + 2849 + 3037 + 3142 + 2289 + 2723 + 2412 + 154101 
01-12-2020,     815,    21461,  9,      111,    405,    11732,      9627,       2573,       2573 + 2484 + 2589 + 2926 + 2863 + 2766 + 2092 + 2756 + 2578 + 2849 + 3037 + 3142 + 2289 + 2723 + 2412 + 154101
02-12-2020,     735,    22196,  7,      118,    355,    12078,      10000,      2678,       2678 + 2573 + 2484 + 2589 + 2926 + 2863 + 2766 + 2092 + 2756 + 2578 + 2849 + 3037 + 3142 + 2289 + 2723 + 2412 + 154101
03-12-2020,     827,    23023,  4,      122,    502,    12580,      10321,      2575,       2575 + 2678 + 2573 + 2484 + 2589 + 2926 + 2863 + 2766 + 2092 + 2756 + 2578 + 2849 + 3037 + 3142 + 2289 + 2723 + 2412 + 154101
04-12-2020,     788,    23811,  7,      129,    746,    13326,      10356,      2570,       2570 + 199433
05-12-2020,     584,    24395,  5,      134,    442,    13768,      10493,      2204,       2204 + 2570 + 199433
06-12-2020,     726,    25121,  5,      139,    623,    14391,      10591,      2000,       2000 + 2204 + 2570 + 199433
07-12-2020,     471,    25592,  10,     149,    405,    14796,      10647,      1245,       1245 + 2000 + 2204 + 2570 + 199433
09-12-2020,     639,    26231,  7,      162,    517,    15863,      10206,      1708,       1708 + 0 + 1245 + 2000 + 2204 + 2570 + 199433
10-12-2020,     586,    26817,  7,      169,    832,    16695,      9953,       1650,       1650 + 1708 + 0 + 1245 + 2000 + 2204 + 2570 + 199433
11-12-2020,     617,    27434,  6,      175,    730,    17425,      9834,       1726,       1726 + 1650 + 1708 + 0 + 1245 + 2000 + 2204 + 2570 + 199433
12-12-2020,     505,    27939,  13,     188,    718,    18143,      9608,       1618,       1618 + 1726 + 1650 + 1708 + 0 + 1245 + 2000 + 2204 + 2570 + 199433
13-12-2020,     406,    28345,  6,      194,    700,    18843,      9308,       1532,       1532 + 1618 + 1726 + 1650 + 1708 + 0 + 1245 + 2000 + 2204 + 2570 + 199433
14-12-2020,     157,    28502,  8,      202,    740,    19583,      8717,       766,        766 + 1532 + 1618 + 1726 + 1650 + 1708 + 0 + 1245 + 2000 + 2204 + 2570 + 199433
15-12-2020,     709,    29211,  8,      210,    695,    20278,      8723,       1911,       1911 + 766 + 1532 + 1618 + 1726 + 1650 + 1708 + 0 + 1245 + 2000 + 2204 + 2570 + 199433
16-12-2020,     935,    30146,  10,     220,    797,    21075,      8851,       2088,       2088 + 1911 + 766 + 1532 + 1618 + 1726 + 1650 + 1708 + 0 + 1245 + 2000 + 2204 + 2570 + 199433
17-12-2020,     1015,   31161,  12,     232,    745,    21820,      9109,       2474,       2474 + 2088 + 1911 + 766 + 1532 + 1618 + 1726 + 1650 + 1708 + 0 + 1245 + 2000 + 2204 + 2570 + 199433
18-12-2020,     997,    32158,  5,      237,    574,    22394,      9527,       2773,       2773 + 2474 + 2088 + 1911 + 766 + 1532 + 1618 + 1726 + 1650 + 1708 + 0 + 1245 + 2000 + 2204 + 2570 + 199433
19-12-2020,     876,    33034,  11,     248,    580,    22974,      9812,       2587,       2587 + 225698
20-12-2020,     560,    33594,  12,     260,    478,    23452,      9882,       1754,       1754 + 2587 + 225698
21-12-2020,     280,    33874,  11,     271,    451,    23903,      9700,       1080,       1080 + 1754 + 2587 + 225698
22-12-2020,     516,    34390,  12,     283,    630,    24533,      9574,       2163,       2163 + 1080 + 1754 + 2587 + 225698
23-12-2020,     867,    35257,  12,     295,    580,    25113,      9849,       2530,       2530+2163 + 1080 + 1754 + 2587 + 225698
24-12-2020,     806,    36063,  9,      304,    665,    25778,      9981,       2526,       2526+ 2530 + 2163 + 1080 + 1754 + 2587 + 225698
25-12-2020,     728,    36791,  7,      311,    500,    26278,      10202,      2916,       2916+ 2526 + 2530 + 2163 + 1080 + 1754 + 2587 + 225698
26-12-2020,     792,    37583,  12,     323,    405,    26683,      10577,      2240,       2240+ 2916 + 2526 + 2530 + 2163 + 1080 + 1754 + 2587 + 225698
27-12-2020,     554,    38137,  10,     333,    160,    26843,      10961,      1855,       1855+2240 + 2916 + 2526 + 2530 + 2163 + 1080 + 1754 + 2587 + 225698
28-12-2020,     477,    38614,  7,      340,    702,    27545,      10729,      1754,       1754+1855 + 2240 + 2916 + 2526 + 2530 + 2163 + 1080 + 1754 + 2587 + 225698
29-12-2020,     542,    39156,  6,      346,    795,    28340,      10740,      1717,       1717+1754 + 1855 + 2240 + 2916 + 2526 + 2530 + 2163 + 1080 + 1754 + 2587 + 225698
30-12-2020,     711,    39867,  10,     356,    995,    29335,      10176,      2055,       2055+ 1717 + 1754 + 1855 + 2240 + 2916 + 2526 + 2530 + 2163 + 1080 + 1754 + 2587 + 225698
31-12-2020,     708,    40575,  15,     371,    990,    30324,      9879,       2723,       2723+ 2055 + 1717 + 1754 + 1855 + 2240 + 2916 + 2526 + 2530 + 2163 + 1080 + 1754 + 2587 + 225698
01-01-2021,     689,    41264,  4,      375,    881,    31206,      9683,       2224,       2224+ 2723 + 2055 + 1717 + 1754 + 1855 + 2240 + 2916 + 2526 + 2530 + 2163 + 1080 + 1754 + 2587 + 225698
02-01-2021,     704,    41968,  11,     386,    560,    31766,      9816,       1953,       1953+ 2224 + 2723 + 2055 + 1717 + 1754 + 1855 + 2240 + 2916 + 2526 + 2530 + 2163 + 1080 + 1754 + 2587 + 225698
03-01-2021,     409,    42377,  7,      393,    280,    32046,      9938,       2331    
04-01-2021,     360,    42738,  5,      398,    510,    32556,      9784,       1851    
05-01-2021,     396,    43134,  6,      404,    866,    33422,      9308,       1646    
06-01-2021,     610,    43744,  5,      409,    805,    34227,      9108,       2436    
07-01-2021,     535,    44279,  7,      416,    730,    34957,      8906,       2153    
08-01-2021,     499,    44778,  8,      424,    790,    35747,      8607,       2055    
09-01-2021,     347,    45125,  9,      433,    555,    36302,      8390,       1863    
10-01-2021,     232,    45357,  8,      441,    477,    36779,      8137,       1482    
11-01-2021,     317,    45674,  6,      447,    541,    37320,      7907,       1583    
12-01-2021,     413,    46087,  6,      453,    711,    38031,      7603,       1892    
13-01-2021,     437,    46524,  9,      462,    708,    38739,      7323,       2247    
14-01-2021,     368,    46892,  2,      464,    689,    39428,      7000,       2262    
15-01-2021,     403,    47295,  10,     474,    700,    40128,      6693,       2359    
16-01-2021,     284,    47579,  4,      478,    405,    40533,      6568,       1851    
17-01-2021,     212,    47791,  6,      484,    360,    40893,      6414,       1770    
18-01-2021,     237,    48028,  3,      487,    390,    41283,      6258,       1201    
19-01-2021,     313,    48341,  6,      493,    395,    41678,      6170,       1430    
20-01-2021,     285,    48626,  3,      496,    603,    42281,      5849,       2074    
21-01-2021,     286,    48912,  1,      497,    503,    42811,      5604,       2266    
22-01-2021,     275,    49187,  4,      501,    495,    43306,      5380,       2237    
23-01-2021,     268,    49455,  6,      507,    345,    43651,      5297,       2223    
24-01-2021,     189,    49644,  1,      508,    315,    43966,      5170,       2137    
25-01-2021,     190,    49834,  0,      508,    412,    44378,      4984,       1865    
26-01-2021,     214,    50048,  5,      513,    435,    44813,      4722,       1505    
27-01-2021,     327,    50375,  2,      515,    365,    45178,      4682,       1884    
28-01-2021,     264,    50639,  2,      517,    400,    45578,      4544,       2065    
29-01-2021,     357,    50996,  3,      520,    282,    45860,      4616,       2189    
30-01-2021,     191,    51187,  2,      522,    210,    46070,      4595,       2274    
31-01-2021,     125,    51312,  0,      520,    235,    46305,      4485,       2143    
01-02-2021,     215,    51527,  0,      522,    314,    46619,      4386,       2244    
02-02-2021,     143,    51670,  1,      523,    280,    46899,      4248,       1970    
03-02-2021,     178,    51848,  3,      526,    285,    47184,      4138,       1952    
04-02-2021,     200,    52048,  1,      527,    275,    47459,      4062,       1873    
05-02-2021,     179,    52227,  0,      527,    268,    47727,      3973,       1976    
06-02-2021,     185,    52399,  0,      527,    185,    47912,      3960,       1872    
07-02-2021,     144,    52543,  2,      529,    214,    48126,      3888,       2218    
08-02-2021,     56,     52599,  0,      529,    224,    48450,      3620,       2242    
09-02-2021,     148,    52747,  2,      531,    264,    48714,      3502,       1618    
10-02-2021,     199,    52946,  1,      532,    356,    49070,      3344,       2253    
11-02-2021,     202,    53148,  0,      532,    190,    49260,      3356,       2466    
12-02-2021,     117,    53265,  1,      533,    355,    49615,      3117,       2152    
13-02-2021,     175,    53440,  3,      536,    340,    49955,      2949,       2160    
14-02-2021,     74,     53514,  1,      537,    200,    50155,      2822,       2147    
15-02-2021,     79,     53593,  0,      537,    350,    50505,      2551,       1583    
16-02-2021,     125,    53718,  1,      538,    325,    50830,      2350,       1530    
17-02-2021,     153,    53871,  0,      538,    295,    51125,      2208,       1986    
18-02-2021,     171,    54041,  0,      538,    210,    51335,      2168,       1997    
19-02-2021,     139,    54180,  3,      541,    246,    51581,      2058,       1879    
20-02-2021,     90,     54270,  2,      543,    195,    51776,      1951,       1982    
21-02-2021,     128,    54393,  0,      543,    150,    51926,      1929,       1736    
22-02-2021,     67,     54460,  2,      545,    85,     52011,      1904    
23-02-2021,     175,    54635,  0,      545,    135,    52146,      1944 ,      1874    
24-02-2021,     84,     54719,  1,      546,    202,    52348,      1825,       1910    
25-02-2021,     92,     54811,  1,      547,    177,    52525,      1739,       1900    
27-02-2021,     151,    55090,  1,      549,    128,    52791,      1750,       1779    
28-02-2021,     88,     55178,  1,      550,    100,    52891,      1737,       1651    
01-03-2021,     98,     55276,  2,      552,    83,     52974,      1750,       1525    
02-03-2021,     154,    55430,  1,      553,    123,    53097,      1780,       1734    
03-03-2021,     196,    55626,  2,      555,    149,    53246,      1825,       1897,       373467
04-03-2021,     156,    55782,  1,      556,    153,    53399,      1827,       2048,       2048+373467
05-03-2021,     146,    55928,  2,      558,    137,    53536,      1834,       2001,       2001+ 2048 + 373467
06-03-2021,     135,    56063,  1,      559,    98,     53634,      1870,       1961,       1961+2001 + 2048 + 373467
07-03-2021,     169,    56232,  1,      560,    127,    53761,      1911,       1694,       1694+1961 + 2001 + 2048 + 373467
08-03-2021,     123,    56355,  0,      560,    133,    53894,      1901,       1701,       1701+ 1694 + 1961 + 2001 + 2048 + 373467
09-03-2021,     135,    56490,  0,      560,    113,    54007,      1923,       1743,       1743+1701 + 1694 + 1961 + 2001 + 2048 + 373467
10-03-2021,     168,    56658,  2,      562,    79,     54086,      2010,       1939,       1939+ 1743 + 1701 + 1694 + 1961 + 2001 + 2048 + 373467
11-03-2021,     69,     56727,  2,      564,    77,     54163,      2000,       2220,       2220+ 1939 + 1743 + 1701 + 1694 + 1961 + 2001 + 2048 + 373467
12-03-2021,     156,    56883,  1,      565,    120,    54283,      2035,       2464,       2464+ 2220 + 1939 + 1743 + 1701 + 1694 + 1961 + 2001 + 2048 + 373467
13-03-2021,     197,    57080,  0,      565,    137,    54420,      2095,       2258,       2258+ 2464 + 2220 + 1939 + 1743 + 1701 + 1694 + 1961 + 2001 + 2048 + 373467
14-03-2021,     70,     57150,  1,      566,    100,    54520,      2064,       2271,       2271+2258 + 2464 + 2220 + 1939 + 1743 + 1701 + 1694 + 1961 + 2001 + 2048 + 373467
15-03-2021,     166,    57316,  1,      567,    101,    54621,      2128,       2166,       2166+ 2271+2258 + 2464 + 2220 + 1939 + 1743 + 1701 + 1694 + 1961 + 2001 + 2048 + 373467
16-03-2021,     298,    57614,  1,      568,    134,    54755,      2291,       2130,       2130+2166+ 2271+2258 + 2464 + 2220 + 1939 + 1743 + 1701 + 1694 + 1961 + 2001 + 2048 + 373467,   7482
17-03-2021,     277,    57891,  4,      572,    205,    54960,      2359,       2792,       2792+ 2130+2166+ 2271+2258 + 2464 + 2220 + 1939 + 1743 + 1701 + 1694 + 1961 + 2001 + 2048 + 373467
18-03-2021,     270,    58161,  1,      573,    123,    55083,      2505,       2458,       2458+  2792+ 2130+2166+ 2271+2258 + 2464 + 2220 + 1939 + 1743 + 1701 + 1694 + 1961 + 2001 + 2048 + 373467
19-03-2021,     256,    58417,  1,      574,    153,    55236,      2607,       2913,       2913+2458+  2792+ 2130+2166+ 2271+2258 + 2464 + 2220 + 1939 + 1743 + 1701 + 1694 + 1961 + 2001 + 2048 + 373467
20-03-2021,     248,    58665,  4,      578,    104,    55340,      2747,       2017,       2017+2913+2458+  2792+ 2130+2166+ 2271+2258 + 2464 + 2220 + 1939 + 1743 + 1701 + 1694 + 1961 + 2001 + 2048 + 373467
21-03-2021,     307,    58972,  4,      582,    146,    55486,      2904,       2591,       2591+2017+2913+2458+  2792+ 2130+2166+ 2271+2258 + 2464 + 2220 + 1939 + 1743 + 1701 + 1694 + 1961 + 2001 + 2048 + 373467,   10691
22-03-2021,     358,    59330,  6,      588,    156,    55642,      3100,       2576,       2576    +   2591    +   2017    +   2913    +   2458    +   2792    +   2130    +   2166    +   2271    +   2258    +   2464    +   2220    +   1939    +   1743 +   1701    +   1694    +   1961    +   2001    +   2048    +   373467
23-03-2021,     450,    59780,  1,      589,    106,    55748,      3443,       2659,       2659    +   2576    +   2591    +   2017    +   2913    +   2458    +   2792    +   2130    +   2166    +   2271    +   2258    +   2464    +   2220    +   1939    +  1743 +   1701    +   1694    +   1961    +   2001    +   2048    +   373467  ,   12886
24-03-2021,     514,    60294,  2,      591,    149,    55897,      3806,       2689,       2689    +   2659    +   2576    +   2591    +   2017    +   2913    +   2458    +   2792    +   2130    +   2166    +   2271    +   2258    +   2464    +   2220    +   1939    +  1743 +   1701    +   1694    +   1961    +   2001    +   2048    +   373467  ,   12886
25-03-2021,     554,    60848,  2,      593,    63,     55960,      4295,       2893,       2893    +   2689    +   2659    +   2576    +   2591    +   2017    +   2913    +   2458    +   2792    +   2130    +   2166    +   2271    +   2258    +   2464    +   2220    +   1939    +  1743 +   1701    +   1694    +   1961    +   2001    +   2048    +   373467  ,   12886
26-03-2021,     617,    61465,  2,      595,    80,     56040,      4830,       2982,       2982    +   2893    +   2689    +   2659    +   2576    +   2591    +   2017    +   2913    +   2458    +   2792    +   2130    +   2166    +   2271    +   2258    +   2464    +   2220    +   1939    +  1743 +   1701    +   1694    +   1961    +   2001    +   2048    +   373467  ,   12886
27-03-2021,     605,    62070,  3,      598,    200,    56240,      5232,       2800,       2800    +   2982    +   2893    +   2689    +   2659    +   2576    +   2591    +   2017    +   2913    +   2458    +   2792    +   2130    +   2166    +   2271    +   2258    +   2464    +   2220    +   1939    +  1743 +   1701    +   1694    +   1961    +   2001    +   2048    +   373467  ,   12886
28-03-2021,     857,    62927,  1,      599,    123,    56363,      5965,       3215,       3215    +   2800    +   2982    +   2893    +   2689    +   2659    +   2576    +   2591    +   2017    +   2913    +   2458    +   2792    +   2130    +   2166    +   2271    +   2258    +   2464    +   2220    +   1939    +  1743 +   1701    +   1694    +   1961    +   2001    +   2048    +   373467  ,   12886
29-03-2021,     815,    63742,  5,      604,    156,    56519,      6619,       3320,       3320    +   3215    +   2800    +   2982    +   2893    +   2689    +   2659    +   2576    +   2591    +   2017    +   2913    +   2458    +   2792    +   2130    +   2166    +   2271    +   2258    +   2464    +   2220    +   1939    +  1743 +   1701    +   1694    +   1961    +   2001    +   2048    +   373467  ,   12886
30-03-2021,     785,    64527,  6,      610,    300,    56819,      7098,       3247,       3247    +   3320    +   3215    +   2800    +   2982    +   2893    +   2689    +   2659    +   2576    +   2591    +   2017    +   2913    +   2458    +   2792    +   2130    +   2166    +   2271    +   2258    +   2464    +   2220    +   1939    +  1743 +   1701    +   1694    +   1961    +   2001    +   2048    +   373467  ,   12886
31-03-2021,     1061,   65588,  1,      611,    241,    57060,      7917,       3651,       3651    +   3247    +   3320    +   3215    +   2800    +   2982    +   2893    +   2689    +   2659    +   2576    +   2591    +   2017    +   2913    +   2458    +   2792    +   2130    +   2166    +   2271    +   2258    +   2464    +   2220    +   1939    +  1743 +   1701    +   1694    +   1961    +   2001    +   2048    +   373467  ,   12886
01-04-2021,     1081,   66669,  7,      618,    265,    57325,      8726,       3758,       3758    +   3651    +   3247    +   3320    +   3215    +   2800    +   2982    +   2893    +   2689    +   2659    +   2576    +   2591    +   2017    +   2913    +   2458    +   2792    +   2130    +   2166    +   2271    +   2258    +   2464    +   2220    +   1939    +  1743 +   1701    +   1694    +   1961    +   2001    +   2048    +   373467  ,   12886
02-04-2021,     1185,   67854,  2,      620,    234,    57559,      9675,       4136,       4136    +   3758    +   3651    +   3247    +   3320    +   3215    +   2800    +   2982    +   2893    +   2689    +   2659    +   2576    +   2591    +   2017    +   2913    +   2458    +   2792    +   2130    +   2166    +   2271    +   2258    +   2464    +   2220    +   1939    +  1743 +   1701    +   1694    +   1961    +   2001    +   2048    +   373467  ,   12886
03-04-2021,     953,    68807,  8,      628,    240,    57799,      10380,      3133,       3133    +   4136    +   3758    +   3651    +   3247    +   3320    +   3215    +   2800    +   2982    +   2893    +   2689    +   2659    +   2576    +   2591    +   2017    +   2913    +   2458    +   2792    +   2130    +   2166    +   2271    +   2258    +   2464    +   2220    +   1939    +  1743 +   1701    +   1694    +   1961    +   2001    +   2048    +   373467  ,   12886
04-04-2021,     1628,   70435,  2,      630,    272,    58071,      11734,      3728,       3728    +   3133    +   4136    +   3758    +   3651    +   3247    +   3320    +   3215    +   2800    +   2982    +   2893    +   2689    +   2659    +   2576    +   2591    +   2017    +   2913    +   2458    +   2792    +   2130    +   2166    +   2271    +   2258    +   2464    +   2220    +   1939    +  1743 +   1701    +   1694    +   1961    +   2001    +   2048    +   373467  ,   12886
05-04-2021,     1561,   71996,  2,      632,    260,    58331,      13033,      4462,       4462    +   3728    +   3133    +   4136    +   3758    +   3651    +   3247    +   3320    +   3215    +   2800    +   2982    +   2893    +   2689    +   2659    +   2576    +   2591    +   2017    +   2913    +   2458    +   2792    +   2130    +   2166    +   2271    +   2258    +   2464    +   2220    +   1939    +  1743 +   1701    +   1694    +   1961    +   2001    +   2048    +   373467  ,   12886
06-04-2021,     1463,   73459,  4,      636,    412,    58743,      14080,      3921,       3921    +   4462    +   3728    +   3133    +   4136    +   3758    +   3651    +   3247    +   3320    +   3215    +   2800    +   2982    +   2893    +   2689    +   2659    +   2576    +   2591    +   2017    +   2913    +   2458    +   2792    +   2130    +   2166    +   2271    +   2258    +   2464    +   2220    +   1939    +  1743 +   1701    +   1694    +   1961    +   2001    +   2048    +   373467  ,   12886
07-04-2021,     1916,   75375,  6,      642,    515,    59258,      15475,      4982,       4982    +   3921    +   4462    +   3728    +   3133    +   4136    +   3758    +   3651    +   3247    +   3320    +   3215    +   2800    +   2982    +   2893    +   2689    +   2659    +   2576    +   2591    +   2017    +   2913    +   2458    +   2792    +   2130    +   2166    +   2271    +   2258    +   2464    +   2220    +   1939    +  1743 +   1701    +   1694    +   1961    +   2001    +   2048    +   373467  ,   12886
08-04-2021,     1932,   77307,  8,      650,    554,    59812,      16845,      5609,       5609    +   4982    +   3921    +   4462    +   3728    +   3133    +   4136    +   3758    +   3651    +   3247    +   3320    +   3215    +   2800    +   2982    +   2893    +   2689    +   2659    +   2576    +   2591    +   2017    +   2913    +   2458    +   2792    +   2130    +   2166    +   2271    +   2258    +   2464    +   2220    +   1939    +  1743 +   1701    +   1694    +   1961    +   2001    +   2048    +   373467  ,   12886
09-04-2021,     1673,   78980,  11,     661,    592,    60404,      17915,      3400,       3400    +   5609    +   4982    +   3921    +   4462    +   3728    +   3133    +   4136    +   3758    +   3651    +   3247    +   3320    +   3215    +   2800    +   2982    +   2893    +   2689    +   2659    +   2576    +   2591    +   2017    +   2913    +   2458    +   2792    +   2130    +   2166    +   2271    +   2258    +   2464    +   2220    +   1939    +  1743 +   1701    +   1694    +   1961    +   2001    +   2048    +   373467  ,   12886
10-04-2021,     1064,   80044,  10,     671,    600,    61004,      18369,      3064,       3064    +   3400    +   5609    +   4982    +   3921    +   4462    +   3728    +   3133    +   4136    +   3758    +   3651    +   3247    +   3320    +   3215    +   2800    +   2982    +   2893    +   2689    +   2659    +   2576    +   2591    +   2017    +   2913    +   2458    +   2792    +   2130    +   2166    +   2271    +   2258    +   2464    +   2220    +   1939    +  1743 +   1701    +   1694    +   1961    +   2001    +   2048    +   373467  ,   12886
11-04-2021,     1479,   81523,  6,      677,    712,    61716,      19130,      3849,       3849    +   3064    +   3400    +   5609    +   4982    +   3921    +   4462    +   3728    +   3133    +   4136    +   3758    +   3651    +   3247    +   3320    +   3215    +   2800    +   2982    +   2893    +   2689    +   2659    +   2576    +   2591    +   2017    +   2913    +   2458    +   2792    +   2130    +   2166    +   2271    +   2258    +   2464    +   2220    +   1939    +  1743 +   1701    +   1694    +   1961    +   2001    +   2048    +   373467  ,   12886
12-04-2021,     1764,   83287,  17,     694,    820,    62536,      20057,      4700,       4700    +   3849    +   3064    +   3400    +   5609    +   4982    +   3921    +   4462    +   3728    +   3133    +   4136    +   3758    +   3651    +   3247    +   3320    +   3215    +   2800    +   2982    +   2893    +   2689    +   2659    +   2576    +   2591    +   2017    +   2913    +   2458    +   2792    +   2130    +   2166    +   2271    +   2258    +   2464    +   2220    +   1939    +  1743 +   1701    +   1694    +   1961    +   2001    +   2048    +   373467  ,   12886
13-04-2021,     1292,   84579,  8,      702,    857,    63393,      20484,      3919,       3919    +   4700    +   3849    +   3064    +   3400    +   5609    +   4982    +   3921    +   4462    +   3728    +   3133    +   4136    +   3758    +   3651    +   3247    +   3320    +   3215    +   2800    +   2982    +   2893    +   2689    +   2659    +   2576    +   2591    +   2017    +   2913    +   2458    +   2792    +   2130    +   2166    +   2271    +   2258    +   2464    +   2220    +   1939    +  1743 +   1701    +   1694    +   1961    +   2001    +   2048    +   373467  ,   12886